ibge;uf;cidade;cnes;no_fantasia;no_logradouro;Cod_bairro;no_bairro
330455;RJ;Rio de Janeiro;5044685;SMS CF ENFERMEIRA EDMA VALADAO AP 33;AV BRASIL - 18476;3304557138;ACARI
330455;RJ;Rio de Janeiro;6029965;SMS CF MARCOS VALADAO AP 33;AV PASTOR MARTIN LUTHER KING JR - 10976;3304557138;ACARI
330455;RJ;Rio de Janeiro;2280280;SMS CMS NICOLA ALBANO AP 22;RUA BOA VISTA - 190;3304557031;ALTO DA BOA VISTA
330455;RJ;Rio de Janeiro;7892810;SMS CF BARBARA MOSLEY DE SOUZA AP 40;AVENIDA OTAVIO MALTA - S/N;3304557082;ANIL
330455;RJ;Rio de Janeiro;2273640;SMS CMS MADRE TERESA DE CALCUTA AP 31;AV ILHA DAS ENXADAS - 100;3304557115;BANCARIOS
330455;RJ;Rio de Janeiro;2270439;SMS CMS HENRIQUE MONAT AP 51;ESTRADA DO QUAFA - 07;3304557099;BANGU
330455;RJ;Rio de Janeiro;3416372;SMS CF ROSINO BACCARINI AP 51;RUA ARAQUEM - 840;3304557099;BANGU
330455;RJ;Rio de Janeiro;5546591;SMS CF MARIA JOSE DE SOUSA BARBOSA AP 51;ESTRADA DO TAQUARAL - 100;3304557099;BANGU
330455;RJ;Rio de Janeiro;5546583;SMS CMS CATIRI AP 51;RUA TRES MARIAS - S/N;3304557099;BANGU
330455;RJ;Rio de Janeiro;2270420;SMS CMS WALDYR FRANCO AP 51;PRACA CECILIA PEDRO - 60;3304557099;BANGU
330455;RJ;Rio de Janeiro;6922031;SMS CMS MANOEL GUILHERME DA SILVEIRA FILHO AP 51;AV RIBEIRO DANTAS - 571;3304557099;BANGU
330455;RJ;Rio de Janeiro;6023916;SMS CF FIORELLO RAYMUNDO AP 51;RUA ACAFRAO - S/N;3304557099;BANGU
330455;RJ;Rio de Janeiro;6864708;SMS CF MARIO DIAS ALENCAR AP 51;RUA MUCURIPE - S/N;3304557099;BANGU
330455;RJ;Rio de Janeiro;7873565;SMS CF JOSE DE SOUZA HERDY AP 40;AVENIDA AYRTON SENNA - 3383;3304557131;BARRA DA TIJUCA
330455;RJ;Rio de Janeiro;2270307;SMS CMS MOURAO FILHO AP 52;ESTRADA DA BARRA DE GUARATIBA - 9748;3304557143;BARRA DE GUARATIBA
330455;RJ;Rio de Janeiro;7892802;SMS CF ADOLFO FERREIRA DE CARVALHO AP 33;ESTRADA JOAO PAULO - 1007;3304557139;BARROS FILHO
330455;RJ;Rio de Janeiro;2269651;SMS CMS DOM HELDER CAMARA AP 21;RUA VOLUNTARIOS DA PATRIA - 136;3304557014;BOTAFOGO
330455;RJ;Rio de Janeiro;6272053;SMS CF SANTA MARTA AP 21;RUA SAO CLEMENTE - 312;3304557014;BOTAFOGO
330455;RJ;Rio de Janeiro;6664040;SMS CF HEITOR DOS PRAZERES AP 31;RUA IGUAPERIBA - 00;3304557042;BRAS DE PINA
330455;RJ;Rio de Janeiro;7856962;SMS CMS PAULINO WERNECK AP 31;ESTRADA DA CACUIA - 745;3304557111;CACUIA
330455;RJ;Rio de Janeiro;2277298;SMS CF FERNANDO A BRAGA LOPES AP 10;RUA CARLOS SEIDL - 785;3304557004;CAJU
330455;RJ;Rio de Janeiro;2269511;SMS CMS GARFIELD DE ALMEIDA AP 52;RUA GENERAL PAULO DE OLIVEIRA - 226;3304557102;CAMPO GRANDE
330455;RJ;Rio de Janeiro;2269546;SMS CMS DR OSWALDO VILELLA AP 52;RUA JOMAR MENDES - S/N;3304557102;CAMPO GRANDE
330455;RJ;Rio de Janeiro;2269554;SMS CMS BELIZARIO PENNA AP 52;RUA FRANKLIN - 29;3304557102;CAMPO GRANDE
330455;RJ;Rio de Janeiro;5620287;SMS CF AGENOR DE MIRANDA ARAUJO NETO AP 52;ESTRADA DO MATO ALTO - S/N;3304557102;CAMPO GRANDE
330455;RJ;Rio de Janeiro;2270641;SMS CMS PEDRO NAVA AP 52;RUA DO PERNAMBUCANO - S/N;3304557102;CAMPO GRANDE
330455;RJ;Rio de Janeiro;6029825;SMS CMS CARLOS ALBERTO NASCIMENTO AP 52;PRACA MAJOR VIEIRA DE MELO - 0;3304557102;CAMPO GRANDE
330455;RJ;Rio de Janeiro;7894554;SMS CF ISABELA SEVERO DA SILVA AP 52;RUA VOTORANTIM - 664;3304557102;CAMPO GRANDE
330455;RJ;Rio de Janeiro;7036914;SMS CF ANTONIO GONCALVES VILLA SOBRINHO AP 52;ESTRADA DO CAMPINHO - 2899;3304557102;CAMPO GRANDE
330455;RJ;Rio de Janeiro;2708205;SMS CMS MARIO OLINTO DE OLIVEIRA AP 33;RUA FERRAZ - 2;3304557072;CASCADURA
330455;RJ;Rio de Janeiro;2708434;SMS CMS MANOEL JOSE FERREIRA AP 21;RUA SILVEIRA MARTINS - 161;3304557012;CATETE
330455;RJ;Rio de Janeiro;6873960;SMS CF SERGIO VIEIRA DE MELLO AP 10;AVENIDA TRINTA E UM DE MARCO - S/N;3304557005;CATUMBI
330455;RJ;Rio de Janeiro;2277328;SMS CMS OSWALDO CRUZ AP 10;AV HENRIQUE VALADARES - 151;3304557001;CENTRO
330455;RJ;Rio de Janeiro;5621801;SMS CSE LAPA AP 10;RUA DO RIACHUELO - 43;3304557001;CENTRO
330455;RJ;Rio de Janeiro;4046307;SMS CMS HAMILTON LAND AP 40;AV EDGARD WERNECK - 1601;3304557084;CIDADE DE DEUS
330455;RJ;Rio de Janeiro;6023983;SMS CSE SAO FRANCISCO DE ASSIS AP 10;RUA AFONSO CAVALCANTI - 20;3304557007;CIDADE NOVA
330455;RJ;Rio de Janeiro;2288346;SMS CMS MARCOLINO CANDAU AP 10;RUA LAURA DE ARAUJO - 36;3304557007;CIDADE NOVA
330455;RJ;Rio de Janeiro;6695566;SMS PS CASS AP 10;RUA AFONSO CAVALCANTE - 455;3304557007;CIDADE NOVA
330455;RJ;Rio de Janeiro;5315026;SMS CMS FAZENDA BOTAFOGO AP 33;RUA ARNALDO GUINLE - S/N;3304557137;COELHO NETO
330455;RJ;Rio de Janeiro;5541719;SMS CMS MORRO UNIAO AP 33;RUA DA JAQUEIRA - S/N;3304557137;COELHO NETO
330455;RJ;Rio de Janeiro;2269309;SMS CMS CARLOS CRUZ LIMA AP 33;ESTRADA DO COLEGIO - 983;3304557067;COLEGIO
330455;RJ;Rio de Janeiro;5476798;SMS CMS HELIO SMIDT AP 31;RUA TANCREDO NEVES - S/N;3304557158;COMPLEXO DA MARE
330455;RJ;Rio de Janeiro;5476836;SMS CMS SAMORA MACHEL AP 31;RUA PRINCIPAL - S/N;3304557158;COMPLEXO DA MARE
330455;RJ;Rio de Janeiro;3784967;SMS CMS ALEMAO AP 31;ESTRADA DO ITARARE - S/N;3304557157;COMPLEXO DO ALEMAO
330455;RJ;Rio de Janeiro;3784975;SMS CF ZILDA ARNS AP 31;ESTRADA ITARARE - 951;3304557157;COMPLEXO DO ALEMAO
330455;RJ;Rio de Janeiro;6524486;SMS CF RODRIGO Y AGUILAR ROIG AP 31;ESTRADA DO ITARARE - 650;3304557157;COMPLEXO DO ALEMAO
330455;RJ;Rio de Janeiro;2280795;SMS CMS JOAO BARROS BARRETO AP 21;RUA TENREIRO ARANHA - S/N;3304557018;COPACABANA
330455;RJ;Rio de Janeiro;6496989;SMS CF CANTAGALO PAVAO PAVAOZINHO AP 21;LADEIRA SAINT ROMAN - 172;3304557018;COPACABANA
330455;RJ;Rio de Janeiro;2269902;SMS CMS JOSE BREVES DOS SANTOS AP 31;RUA MAR GRANDE - 10;3304557043;CORDOVIL
330455;RJ;Rio de Janeiro;3567559;SMS CF VALDECIR SALUSTIANO CARDOZO AP 52;PRACA MANOEL MARIZ - S/N;3304557105;COSMOS
330455;RJ;Rio de Janeiro;3567575;SMS CMS VILA SAO JORGE AP 52;RUA PROJETADA - 02;3304557105;COSMOS
330455;RJ;Rio de Janeiro;2269562;SMS CMS MARIO RODRIGUES CID AP 52;RUA MATUREIA - S/N;3304557105;COSMOS
330455;RJ;Rio de Janeiro;5670357;SMS CMS VILA DO CEU AP 52;RUA GUARUJA - 69;3304557105;COSMOS
330455;RJ;Rio de Janeiro;6029841;SMS CF ROGERIO ROCCO AP 52;ESTRADA DO ENCANAMENTO - S/N;3304557105;COSMOS
330455;RJ;Rio de Janeiro;2269627;SMS CMS SYLVIO FREDERICO BRAUNER AP 33;RUA DARWIN BRANDAO - S/N;3304557140;COSTA BARROS
330455;RJ;Rio de Janeiro;6820018;SMS CF BARBARA STARFIELD AP 32;RUA VOLTA GRANDE - S/N;3304557148;DEL CASTILHO
330455;RJ;Rio de Janeiro;6919626;SMS CF SERGIO NICOLAU AMIN AP 32;PRACA DA CONFEDERACAO SUICA - S/N;3304557148;DEL CASTILHO
330455;RJ;Rio de Janeiro;2273225;SMS CMS ARIADNE LOPES DE MENEZES AP 32;RUA ENG CARLOS GONCALVES PENNA - S/N;3304557150;ENGENHO DA RAINHA
330455;RJ;Rio de Janeiro;6914152;SMS CF BIBI VOGEL AP 32;ESTRADA ADHEMAR BEBIANO - 3686;3304557150;ENGENHO DA RAINHA
330455;RJ;Rio de Janeiro;2269805;SMS CMS MILTON FONTES MAGARAO AP 32;AV AMARO CAVALCANTI - 1387;3304557056;ENGENHO DE DENTRO
330455;RJ;Rio de Janeiro;2280744;SMS CMS CARLOS GENTILLE DE MELLO AP 32;RUA BICUIBA - 181;3304557051;ENGENHO NOVO
330455;RJ;Rio de Janeiro;6688152;SMS CF IZABEL DOS SANTOS AP 32;RUA DOIS DE MAIO - 220;3304557051;ENGENHO NOVO
330455;RJ;Rio de Janeiro;6804209;SMS CF ASSIS VALENTE AP 31;EST DAS CANARIAS COM AV BRAS CRISPIN PRACA - S/N;3304557122;GALEAO
330455;RJ;Rio de Janeiro;7523246;SMS CF NELIO DE OLIVEIRA AP 10;RUA RIVADAVIA CORREA - 188;3304557002;GAMBOA
330455;RJ;Rio de Janeiro;6927319;SMS CF PADRE JOSE DE AZEVEDO TIUBA AP 40;RUA ACAPORI - S/N;3304557083;GARDENIA AZUL
330455;RJ;Rio de Janeiro;2288370;SMS CMS PINDARO DE CARVALHO RODRIGUES AP 21;AV PADRE LEONEL FRANCA - S/N;3304557023;GAVEA
330455;RJ;Rio de Janeiro;7021771;SMS CF RAIMUNDO ALVES NASCIMENTO AP 33;RUA MARCOS DE MACEDO - S/N;3304557124;GUADALUPE
330455;RJ;Rio de Janeiro;2273179;SMS CMS AUGUSTO DO AMARAL PEIXOTO AP 33;RUA JORNALISTA HERMANO REQUIAO - 447;3304557124;GUADALUPE
330455;RJ;Rio de Janeiro;6571956;SMS CF JOSUETE SANTANNA DE OLIVEIRA AP 33;RUA LUIZ COUTINHO CAVALCANTI - S/N;3304557124;GUADALUPE
330455;RJ;Rio de Janeiro;2270285;SMS CMS WOODROW PIMENTEL PANTOJA AP 52;ESTRADA DO MAGARCA - 4435;3304557142;GUARATIBA
330455;RJ;Rio de Janeiro;2270293;SMS CMS RAUL BARROSO AP 52;AV ROBERTO BURLE MAX - S/N;3304557142;GUARATIBA
330455;RJ;Rio de Janeiro;2270315;SMS CMS MAIA BITTENCOURT AP 52;ESTRADA DO MATO ALTO - 5609;3304557142;GUARATIBA
330455;RJ;Rio de Janeiro;3567567;SMS CF ALKINDAR SOARES PEREIRA FILHO AP 52;ESTRADA DA PEDRA - S/N;3304557142;GUARATIBA
330455;RJ;Rio de Janeiro;6677711;SMS CF DALMIR DE ABREU SALGADO AP 52;ESTRADA DO MAGARCA - 1831;3304557142;GUARATIBA
330455;RJ;Rio de Janeiro;6648371;SMS CF HANS JURGEN FERNANDO DOHMANN AP 52;ESTRADA DO PIAI - S/N;3304557142;GUARATIBA
330455;RJ;Rio de Janeiro;6635709;SMS CF JOSE DE PAULA LOPES PONTES AP 52;RUA JABURU - S/N;3304557142;GUARATIBA
330455;RJ;Rio de Janeiro;6568491;SMS CF MARIA SEBASTIANA DE OLIVEIRA AP 31;AVENIDA DOS MAGISTERIOS - S/N;3304557116;ILHA DO GOVERNADOR
330455;RJ;Rio de Janeiro;7594712;SMS CF PALMEIRAS AP 31;RUA AUGUSTO BORBOREMA - S/N;3304557149;INHAUMA
330455;RJ;Rio de Janeiro;6926797;SMS CMS RODOLPHO ROCCO AP 32;RUA LAGOA VERDE - S/N;3304557149;INHAUMA
330455;RJ;Rio de Janeiro;2270633;SMS CMS MARIO VITOR DE A PACHECO AP 52;AVENIDA CESARIO DE MELO - 5580;3304557104;INHOAIBA
330455;RJ;Rio de Janeiro;5154197;SMS CF DAVID CAPISTRANO FILHO AP 52;AVENIDA CESARIO DE MELO - S/N;3304557104;INHOAIBA
330455;RJ;Rio de Janeiro;2269538;SMS CMS EDGARD MAGALHAES GOMES AP 52;PRACA FILOMENA CARLOS MAGNO - 0;3304557104;INHOAIBA
330455;RJ;Rio de Janeiro;2270323;SMS CMS ADAO PEREIRA NUNES AP 52;RUA FLORESTAL - S/N;3304557104;INHOAIBA
330455;RJ;Rio de Janeiro;6029922;SMS CMS AGUIAR TORRES AP 52;ESTRADA DE INHOAIBA - 849;3304557104;INHOAIBA
330455;RJ;Rio de Janeiro;3567540;SMS CF ANA GONZAGA AP 52;PRACA JOAO WESLEY - 07;3304557104;INHOAIBA
330455;RJ;Rio de Janeiro;2269295;SMS CMS CLEMENTINO FRAGA AP 33;RUA CAICARA - 514;3304557066;IRAJA
330455;RJ;Rio de Janeiro;5879655;SMS CMS ALICE TOLEDO TIBIRICA AP 33;RUA JURITI - S/N;3304557066;IRAJA
330455;RJ;Rio de Janeiro;6784720;SMS CMS ITANHANGA AP 40;ESTRADA DO ITANHANGA - 270;3304557130;ITANHANGA
330455;RJ;Rio de Janeiro;6927289;SMS CF OTTO ALVES DE CARVALHO AP 40;AVENIDA ENGENHEIRO SOUZA FILHO - 200;3304557081;JACAREPAGUA
330455;RJ;Rio de Janeiro;3567508;SMS CMS RAPHAEL DE PAULA SOUZA AP 40;ESTRADA DE CURICICA - 2000;3304557081;JACAREPAGUA
330455;RJ;Rio de Janeiro;5465885;SMS CMS SANTA MARIA AP 40;ESTRADA DO RIO PEQUENO - S/N;3304557081;JACAREPAGUA
330455;RJ;Rio de Janeiro;7714610;SMS CMS MATA ATLANTICA AP 40;AVENIDA SAMPAIO CORREA - S/N;3304557081;JACAREPAGUA
330455;RJ;Rio de Janeiro;7892829;SMS CF HELENA BESSERMAN VIANNA AP 40;VIA LIGHT - S/N;3304557081;JACAREPAGUA
330455;RJ;Rio de Janeiro;2280736;SMS CMS RENATO ROCCO AP 32;RUA AIRES DE CASAL - S/N;3304557155;JACAREZINHO
330455;RJ;Rio de Janeiro;6808077;SMS CF ANTHIDIO DIAS DA SILVEIRA AP 32;AVENIDA DOM HELDER CAMARA - S/N;3304557155;JACAREZINHO
330455;RJ;Rio de Janeiro;2296535;SMS CMS NAGIB JORGE FARAH AP 31;PRACA SOLDADO MICHEL CHEIB - S/N;3304557046;JARDIM AMERICA
330455;RJ;Rio de Janeiro;7856954;SMS CMS NEWTON ALVES CARDOZO AP 31;RUA DR ANTONIO MONTEIRO ANTIGA RUA COMBU - 191;3304557118;JARDIM CARIOCA
330455;RJ;Rio de Janeiro;2270560;SMS CMS MASAO GOTO AP 51;AV CARLOS PONTES - S/N;3304557095;JARDIM SULACAP
330455;RJ;Rio de Janeiro;6632831;SMS CMS CHAPEU MANG BABILONIA AP 21;RUA SAO FRANCISCO - 5;3304557017;LEME
330455;RJ;Rio de Janeiro;6033121;SMS CMS ANTENOR NASCENTES AP 32;RUA PROFESSOR ANTENOR NASCENTES - 125;3304557052;LINS DE VASCONCELOS
330455;RJ;Rio de Janeiro;5417708;SMS CF SOUZA MARQUES AP 33;PRACA PATRIARCA - S/N;3304557073;MADUREIRA
330455;RJ;Rio de Janeiro;2269937;SMS CMS ALBERTO BORGERTH AP 33;RUA PADRE MANSO - S/N;3304557073;MADUREIRA
330455;RJ;Rio de Janeiro;3416356;SMS CMS BUA BOANERGES BORGES DA FONSECA AP 51;RUA LARANJEIRAS DO SUL - S/N;3304557096;MAGALHAES BASTOS
330455;RJ;Rio de Janeiro;6514022;SMS CF VICTOR VALLA AP 31;AVENIDA DOM HELDER CAMARA - 1390;3304557036;MANGUINHOS
330455;RJ;Rio de Janeiro;5456932;SMS FIOCRUZ ENSP CSE GERMANO SINVAL FARIA AP 31;RUA LEOPOLDO BULHOES - 1480;3304557036;MANGUINHOS
330455;RJ;Rio de Janeiro;2296551;SMS CMS AMERICO VELOSO AP 31;RUA GERSON FERREIRA - 100;3304557158;MARE
330455;RJ;Rio de Janeiro;5476801;SMS CMS NOVA HOLANDA AP 31;RUA IVANILDO ALVES - S/N;3304557158;MARE
330455;RJ;Rio de Janeiro;5476844;SMS CMS VILA DO JOAO AP 31;RUA 17 - S/N;3304557158;MARE
330455;RJ;Rio de Janeiro;6023320;SMS CF AUGUSTO BOAL AP 31;AV GUILHERME MAXWEL - 107;3304557158;MARE
330455;RJ;Rio de Janeiro;7015208;SMS CMS PARQUE UNIAO AP 31;RUA ARI LEAO - 33;3304557158;MARE
330455;RJ;Rio de Janeiro;5476607;SMS CF ADIB JATENE AP 31;AVENIDA BENTO RIBEIRO DANTAS - S/N;3304557158;MARE
330455;RJ;Rio de Janeiro;7108265;SMS CF DANTE ROMANO JUNIOR AP 33;RUA CAROLINA MACHADO - S/N;3304557080;MARECHAL HERMES
330455;RJ;Rio de Janeiro;6974708;SMS CF MAESTRO CELESTINO AP 33;RUA LOURENCO MARQUES - 70;3304557080;MARECHAL HERMES
330455;RJ;Rio de Janeiro;2708167;SMS CMS CESAR PERNETTA AP 32;RUA ANA BARBOSA - 21;3304557053;MEIER
330455;RJ;Rio de Janeiro;2280760;SMS CMS MARIA APARECIDA DE ALMEIDA AP 53;PRACA ANTONIO MATTOS AREAS - S/N;3304557106;PACIENCIA
330455;RJ;Rio de Janeiro;6572014;SMS CF LOURENCO DE MELLO AP 53;RUA CORONEL TITO PORTO CARRERO - S/N;3304557106;PACIENCIA
330455;RJ;Rio de Janeiro;2295237;SMS CF JOAO BATISTA CHAGAS AP 53;RUA PITOMBEIRAS - S/N;3304557106;PACIENCIA
330455;RJ;Rio de Janeiro;2273616;SMS CMS CYRO DE MELLO MANGUARIBA AP 53;AVENIDA DO CANAL - S/N;3304557106;PACIENCIA
330455;RJ;Rio de Janeiro;2806320;SMS CMS SAVIO ANTUNES ANTARES AP 53;AVENIDA HERMINIA AURELIO SAMPAIO - 105;3304557106;PACIENCIA
330455;RJ;Rio de Janeiro;6618863;SMS CF HELANDE DE MELLO GONCALVES AP 53;ESTRADA DE PACIENCIA - S/N;3304557106;PACIENCIA
330455;RJ;Rio de Janeiro;6618871;SMS CF JAMIL HADDAD AP 53;RUA SOLDADO JOAO ROTELO - S/N;3304557106;PACIENCIA
330455;RJ;Rio de Janeiro;6559727;SMS CF ILZO MOTTA DE MELLO AP 53;AVENIDA CESARIO DE MELO - 11485;3304557106;PACIENCIA
330455;RJ;Rio de Janeiro;2273586;SMS CMS EMYDIO CABRAL AP 53;RUA IEDA SANTOS DELGADO - 03;3304557106;PACIENCIA
330455;RJ;Rio de Janeiro;2270455;SMS CMS PADRE MIGUEL AP 51;RUA SANTO EVALDO - S/N;3304557098;PADRE MIGUEL
330455;RJ;Rio de Janeiro;6387152;SMS CF OLIMPIA ESTEVES AP 51;RUA OLIMPIA ESTEVES - S/N;3304557098;PADRE MIGUEL
330455;RJ;Rio de Janeiro;2277301;SMS CMS MANOEL ARTHUR VILLABOIM AP 10;PRACA BOM JESUS - 40;3304557153;PAQUETA
330455;RJ;Rio de Janeiro;2269759;SMS CMS FLAVIO DO COUTO VIEIRA AP 33;RUA LUCIO JOSE FILHO - S/N;3304557126;PARQUE ANCHIETA
330455;RJ;Rio de Janeiro;6761704;SMS CF MARIA DE AZEVEDO RODRIGUES PEREIRA AP 33;PRACA PROFESSORA SANTINHA - S/N;3304557126;PARQUE ANCHIETA
330455;RJ;Rio de Janeiro;5315050;SMS CMS PORTUS E QUITANDA AP 33;RUA JORGE NOGUEIRA - S/N;3304557141;PAVUNA
330455;RJ;Rio de Janeiro;2296586;SMS CMS NASCIMENTO GURGEL AP 33;RUA MERCURIO - S/N;3304557141;PAVUNA
330455;RJ;Rio de Janeiro;6793231;SMS CF EPITACIO SOARES REIS AP 33;AV CHISOSTOMO PIMENTEL DE OLIVEIRA - S/N;3304557141;PAVUNA
330455;RJ;Rio de Janeiro;7088574;SMS CF MANOEL FERNANDES DE ARAUJO AP 33;RUA LAUDO DE CAMARGO - S/N;3304557141;PAVUNA
330455;RJ;Rio de Janeiro;2270277;SMS CMS ALVIMAR DE CARVALHO AP 52;RUA SOLDADO ELISEU HIPOLITO - S/N;3304557144;PEDRA DE GUARATIBA
330455;RJ;Rio de Janeiro;6664164;SMS CMS SAO GODOFREDO AP 31;RUA SAO GODOFREDO - 45;3304557040;PENHA
330455;RJ;Rio de Janeiro;6664075;SMS CF FELIPPE CARDOSO AP 31;AVENIDA NOSSA SENHORA DA PENHA - 42;3304557040;PENHA
330455;RJ;Rio de Janeiro;3784959;SMS CMS JOAO CANDIDO AP 31;AV LOBO JR - 83;3304557041;PENHA CIRCULAR
330455;RJ;Rio de Janeiro;5179726;SMS CF ALOYSIO AUGUSTO NOVIS AP 31;AVENIDA BRAS DE PINA - 651;3304557041;PENHA CIRCULAR
330455;RJ;Rio de Janeiro;2269503;SMS CMS EDUARDO A VILHENA AP 32;RUA JOSE DOS REIS - 951;3304557061;PILARES
330455;RJ;Rio de Janeiro;6742130;SMS CF EMYGDIO ALVES COSTA FILHO AP 32;RUA DO LAZER - 153;3304557061;PILARES
330455;RJ;Rio de Janeiro;5467136;SMS CMS PARQUE ROYAL AP 31;RUA JORNALISTA ALAIDE PIRES - 25;3304557121;PORTUGUESA ILHA DO
330455;RJ;Rio de Janeiro;7414226;SMS CMS HELIO PELLEGRINO AP 22;RUA DO MATOSO - 96;3304557029;PRACA DA BANDEIRA
330455;RJ;Rio de Janeiro;6927254;SMS CMS NEWTON BETHLEM AP 40;RUA BARAO - 260;3304557090;PRACA SECA
330455;RJ;Rio de Janeiro;7119798;SMS CF CARLOS NERY DA COSTA FILHO AP 33;RUA CLARIMUNDO DE MELO - 847;3304557069;QUINTINO BOCAIUVA
330455;RJ;Rio de Janeiro;2295032;SMS CMS MARIA CRISTINA ROMA PAUGARTTEN AP 31;RUA JOAQUIM GOMES - S/N;3304557038;RAMOS
330455;RJ;Rio de Janeiro;3820599;SMS CF ARMANDO PALHARES AGUINAGA AP 51;AV SANTA CRUZ - S/N;3304557097;REALENGO
330455;RJ;Rio de Janeiro;3416321;SMS CF ANTONIO GONCALVES DA SILVA AP 51;ESTRADA DO ENGENHO NOVO - S/N;3304557097;REALENGO
330455;RJ;Rio de Janeiro;7722494;SMS CF FAIM PEDRO AP 51;RUA MARECHAL AGRICOLA - S/N;3304557097;REALENGO
330455;RJ;Rio de Janeiro;6855709;SMS CF PADRE JOHN CRIBBIN PADRE JOAO AP 51;ESTRADA MANOEL NOGUEIRA DE SA - S/N;3304557097;REALENGO
330455;RJ;Rio de Janeiro;6901042;SMS CF NILDO EYMAR DE ALMEIDA AGUIAR AP 51;ESTRADA GENERAL AMERICANO FREIRE - S/N;3304557097;REALENGO
330455;RJ;Rio de Janeiro;2708213;SMS CMS HARVEY RIBEIRO DE SOUZA FILHO AP 40;AVENIDA GUIOMAR NOVAES - 133;3304557135;RECREIO DOS BANDEIRA
330455;RJ;Rio de Janeiro;6028233;SMS CF ESTACIO DE SA AP 10;RUA DO BISPO - 159;3304557006;RIO COMPRIDO
330455;RJ;Rio de Janeiro;2269953;SMS CMS SALLES NETTO AP 10;PRACA CONDESSA PAULO DE FRONTIN - 52;3304557006;RIO COMPRIDO
330455;RJ;Rio de Janeiro;6713564;SMS CF ANNA NERY AP 32;RUA ANA NERI COM RUA GENERAL BELFORD - S/N;3304557048;ROCHA
330455;RJ;Rio de Janeiro;7052049;SMS CF CARIOCA AP 32;RUA BERGAMO - 320;3304557048;ROCHA
330455;RJ;Rio de Janeiro;2269732;SMS CMS CARMELA DUTRA AP 33;AV DOS ITALIANOS - 480;3304557076;ROCHA MIRANDA
330455;RJ;Rio de Janeiro;2270072;SMS CMS DR ALBERT SABIN AP 21;ESTRADA DA GAVEA - 250;3304557156;ROCINHA
330455;RJ;Rio de Janeiro;6503772;SMS CF MARIA DO SOCORRO ROCINHA AP 21;ESTRADA DA GAVEA - 522;3304557156;ROCINHA
330455;RJ;Rio de Janeiro;6762042;SMS CF EDNEY CANAZARO DE OLIVEIRA AP 32;AVENIDA MARECHAL RONDOM C RUA ANTUNES GARCIA - S/N;3304557050;SAMPAIO
330455;RJ;Rio de Janeiro;2280310;SMS CF ERNANI DE PAIVA FERREIRA BRAGA AP 53;AVENIDA JOAO XXIII - S/N;3304557107;SANTA CRUZ
330455;RJ;Rio de Janeiro;2273551;SMS CMS ALOYSIO AMANCIO DA SILVA AP 53;ESTRADA DO CURTUME - S/N;3304557107;SANTA CRUZ
330455;RJ;Rio de Janeiro;7896204;SMS CF ALICE DE JESUS REGO AP53;ESTRADA DOS PALMARES - S/N;3304557107;SANTA CRUZ
330455;RJ;Rio de Janeiro;6660185;SMS CF DEOLINDO COUTO AP 53;RUA SANTO AUGURIO - 40;3304557107;SANTA CRUZ
330455;RJ;Rio de Janeiro;2708183;SMS CMS DECIO AMARAL FILHO AP 53;RUA CILON CUNHA BRUM - S/N;3304557107;SANTA CRUZ
330455;RJ;Rio de Janeiro;6581994;SMS CF JOSE ANTONIO CIRAUDO AP 53;AVENIDA AREIA BRANCA - 1428;3304557107;SANTA CRUZ
330455;RJ;Rio de Janeiro;2269929;SMS CMS CATTAPRETA AP 53;RUA ENGENHEIRO JOSE BOANERGES CESAR - S/N;3304557107;SANTA CRUZ
330455;RJ;Rio de Janeiro;2273543;SMS CMS FLORIPES GALDINO PEREIRA AP 53;RUA SRG GERALDO BERTI - 0;3304557107;SANTA CRUZ
330455;RJ;Rio de Janeiro;6683851;SMS CF SAMUEL PENHA VALLE AP 53;AV CESARIO DE MELO - 12574;3304557107;SANTA CRUZ
330455;RJ;Rio de Janeiro;6671020;SMS CF EDSON ABDALLA SAAD AP 53;AVENIDA CESARIO DE MELO - 25;3304557107;SANTA CRUZ
330455;RJ;Rio de Janeiro;2273578;SMS CMS CESARIO DE MELLO AP 53;RUA 2 - S/N;3304557107;SANTA CRUZ
330455;RJ;Rio de Janeiro;6618855;SMS CF SERGIO AROUCA AP 53;RUA DO IMPERIO - S/N;3304557107;SANTA CRUZ
330455;RJ;Rio de Janeiro;6559735;SMS CF LENICE MARIA MONTEIRO COELHO AP 53;RUA JOSE CARLOS MATTA MACHADO - S/N;3304557107;SANTA CRUZ
330455;RJ;Rio de Janeiro;2708426;SMS CMS ERNANI AGRICOLA AP 10;RUA CONSTANT JARDIM - 08;3304557128;SANTA TERESA
330455;RJ;Rio de Janeiro;2270366;SMS CMS MANOEL DE ABREU AP 52;RUA PADRE NOE GUALBERTO - 1;3304557101;SANTISSIMO
330455;RJ;Rio de Janeiro;7036884;SMS CF SONIA MARIA FERREIRA MACHADO AP 52;ESTRADA DA POSSE - S/N;3304557101;SANTISSIMO
330455;RJ;Rio de Janeiro;2291274;SMS CMS JOSE MESSIAS DO CARMO AP 10;RUA WALDEMAR DUTRA - 55;3304557003;SANTO CRISTO
330455;RJ;Rio de Janeiro;6506232;SMS CF RINALDO DE LAMARE AP 21;AV NIEMEYER - 776;3304557025;SAO CONRADO
330455;RJ;Rio de Janeiro;3796310;SMS CMS VILA CANOAS AP 21;ESTRADA DAS CANOAS - 610;3304557025;SAO CONRADO
330455;RJ;Rio de Janeiro;2270250;SMS CMS ERNESTO ZEFERINO TIBAU JR AP 10;AVENIDA DO EXERCITO - 1;3304557026;SAO CRISTOVAO
330455;RJ;Rio de Janeiro;5598435;SMS CMS TIA ALICE AP 32;R SANTOS MELLO - 73;3304557047;SAO FRANCISCO XAVIER
330455;RJ;Rio de Janeiro;6023975;SMS CF DONA ZICA AP 10;RUA JOAO RODRIGUES - 43;3304557047;SAO FRANCISCO XAVIER
330455;RJ;Rio de Janeiro;6852203;SMS CF KELLY CRISTINA DE SA LACERDA SILVA AP 51;AVENIDA CARLOS SAMPAIO CORREA - S/N;3304557100;SENADOR CAMARA
330455;RJ;Rio de Janeiro;2269848;SMS CMS ALEXANDER FLEMING AP 51;RUA MARMIARI - S/N;3304557100;SENADOR CAMARA
330455;RJ;Rio de Janeiro;2270579;SMS CMS DR EITHEL PINHEIRO DE OLIVEIRA LIMA AP 51;ESTRADA DO TAQUARAL - S/N;3304557100;SENADOR CAMARA
330455;RJ;Rio de Janeiro;2270552;SMS CMS SILVIO BARBOSA AP 51;RUA RODRIGUES DE FREITAS - S/N;3304557100;SENADOR CAMARA
330455;RJ;Rio de Janeiro;7810172;SMS CF SANDRA REGINA SAMPAIO DE SOUZA AP 51;AVENIDA SANTA CRUZ - S/N;3304557100;SENADOR CAMARA
330455;RJ;Rio de Janeiro;7723296;SMS CF EVERTON DE SOUZA SANTOS AP 52;ESTRADA DE MORICABA - S/N;3304557103;SENADOR VASCONCELOS
330455;RJ;Rio de Janeiro;7723296;SMS CF EVERTON DE SOUZA SANTOS AP 52;ESTRADA DE MORICABA - S/N;3304557103;SENADOR VASCONCELOS
330455;RJ;Rio de Janeiro;3785009;SMS CF VALERIA GOMES ESTEVES AP 53;RUA VITORIA REGIA - 4;3304557108;SEPETIBA
330455;RJ;Rio de Janeiro;6026737;SMS CMS ADELINO SIMOES NOVA SEPETIBA AP 53;AVENIDA SETE - S/N;3304557108;SEPETIBA
330455;RJ;Rio de Janeiro;2295253;SMS CF WALDEMAR BERARDINELLI AP 53;RUA FREDERICO TROTA - S/N;3304557108;SEPETIBA
330455;RJ;Rio de Janeiro;2296543;SMS CMS JORGE SALDANHA BANDEIRA DE MELLO AP40;AVENIDA GEREMARIO DANTAS - 135;3304557089;TANQUE
330455;RJ;Rio de Janeiro;2778696;SMS CMS CARLOS FIGUEIREDO FILHO BOREL AP 22;RUA SAO MIGUEL - S/N;3304557030;TIJUCA
330455;RJ;Rio de Janeiro;2269376;SMS CMS HEITOR BELTRAO AP 22;RUA DESEMBARGADOR ISIDRO - 144;3304557030;TIJUCA
330455;RJ;Rio de Janeiro;2280787;SMS CMS NILZA ROSA AP 22;RUA CASTEL NUOVO - 150;3304557030;TIJUCA
330455;RJ;Rio de Janeiro;5358612;SMS CMS CASA BRANCA AP 22;ESTRADA DA CASA BRANCA - 200;3304557030;TIJUCA
330455;RJ;Rio de Janeiro;6681379;SMS CF HERBERT JOSE DE SOUZA AP 32;AVENIDA PASTOR MARTIN LUTHER KING JUNIOR - 4776;3304557151;TOMAS COELHO
330455;RJ;Rio de Janeiro;5465877;SMS CMS NOVO PALMARES AP 40;RUA JACARANDA - 16;3304557133;VARGEM PEQUENA
330455;RJ;Rio de Janeiro;2270013;SMS CMS CECILIA DONNANGELO AP 40;ESTRADA DOS BANDEIRANTES - 21136;3304557133;VARGEM PEQUENA
330455;RJ;Rio de Janeiro;6716598;SMS CF MAURY ALVES DE PINHO AP 40;ESTRADA DOS BANDEIRANTES - 11227;3304557133;VARGEM PEQUENA
330455;RJ;Rio de Janeiro;2280205;SMS CMS RODOLPHO PERISSE VIDIGAL AP 21;AV PRESIDENTE JOAO GOULART - 735;3304557024;VIDIGAL
330455;RJ;Rio de Janeiro;5457009;SMS CMS IRACI LOPES AP 31;RUA ANTONIO MENDES - 02;3304557045;VIGARIO GERAL
330455;RJ;Rio de Janeiro;6932916;SMS CF JOAOSINHO TRINTA AP 31;RUA ANAMA PRACA JOSE DA MATTA - S/N;3304557045;VIGARIO GERAL
330455;RJ;Rio de Janeiro;2280272;SMS CMS MARIA AUGUSTA ESTRELLA AP 22;RUA VISCONDE DE SANTA ISABEL - 56;3304557033;VILA ISABEL
330455;RJ;Rio de Janeiro;3785025;SMS CF RECANTO DO TROVADOR AP 22;RUA VISCONDE DE SANTA ISABEL - 272;3304557033;VILA ISABEL
330455;RJ;Rio de Janeiro;7638086;SMS CF PEDRO ERNESTO AP 22;RUA VINTE E OITO DE SETEMBRO - 109;3304557033;VILA ISABEL
330455;RJ;Rio de Janeiro;6869009;SMS CF ANA MARIA CONCEICAO DOS SANTOS CORREIA AP 33;RUA QUATRO - S/N;3304557062;VILA KOSMOS
330455;RJ;Rio de Janeiro;2280779;SMS CMS NECKER PINTO AP 31;ESTRADA RIO JEQUIA - 428;3304557110;ZUMBI
